Name,Phone,Email,Website,Address,Source,,,,
East Coast Warehouse & Distribution Corporation,(908) 351-2800,,http://eastcoastwarehouse.com/,202 Port Jersey Blvd # 2,google map,,,,
Phoenix Warehouse of New Jersey,(800) 521-0074,,https://www.phoenix-warehouse.com/,201 Port Jersey Blvd,google map,,,,
Van Brunt Logistics & Warehousing,(908) 282-7080,,https://www.vanbruntwarehouse.com/,580 Division St,google map,,,,
Eastern Warehouse,(973) 465-1600,,http://www.easternwarehouse.com/,266 Kellogg St,google map,,,,
Target Distribution Center,(856) 542-9400,,http://www.target.com/,300 Creekview Ave,google map,,,,
Hanover Warehouse,(973) 589-7387,,http://hanoverwhse.com/,100 Central Ave,google map,,,,56
BJâ€™s Wholesale Club Distribution Center,(609) 239-7000,,http://www.bjs.com/,309 Dultys Ln,google map,,,,
"Affiliated Warehouse Companies, Inc.",(888) 865-1150,,https://www.awco.com/,54 Village Ct,google map,,,,
S & S Warehousing and Distribution center,(732) 248-9900,,http://www.sswad.com/,75 Midvale Rd,google map,,,,
Five Below Warehouse & Distribution Center,(856) 376-5300,,https://www.fivebelow.com/?y_source=1_MTM1Mzk0NzctNzE1LWxvY2F0aW9uLndlYnNpdGU%3D,5 Gateway Blvd,google map,,,,
Wayfair,(877) 929-3247,,https://www.wayfair.com/,44-46 Station Rd,google map,,,,
Newport Distribution Services Inc,(732) 287-1440,,http://newportdistribution.com/contactus.html,2110 NJ-27 #1,google map,,,,
Nexus Warehouse Crossdock,(877) 456-4113,,http://nexuswh.com/,99 Kero Rd,google map,,,,
NJ-CAL WAREHOUSE,(914) 937-0600,,http://www.njcalwe.com/,26 Engelhard Dr,google map,,,,
Staples Warehouse,(201) 938-1298,,,111 West Side Ave,google map,,,,
PRIME FULFILLMENT NJ,(856) 219-6722,,http://primefulfillmentnj.com/,7950 National Hwy B,google map,,,,
24/7 Cross Dock Warehousing & Distribution,(973) 979-2904,,,25 Continental Dr,google map,,,,
Glendale Warehouse,(732) 516-1555,,https://www.glendalewarehouse.com.au/,55 Carter Dr,google map,,,,
Florence Warehouse,(201) 792-5866,,https://florencewarehouse.com/,150 13th St,google map,,,,
Amazon EWR9,(206) 266-1000,,,8003 Industrial Hwy,google map,,,,
24/7 Warehouse crossdock,(917) 715-0062,,http://www.offcargo.com/,34 Columbia Rd,google map,,,,
"Linden Warehouse & Distribution Co., Inc.",(908) 862-1400,,http://www.lindenwarehouse.com/,1300 Lower Rd,google map,,,,
STG Logistics,(201) 865-6200,,http://www.stgusa.com/,6801 West Side Ave,google map,,,,
Advanced Warehouse Inc.,(551) 257-7077,,https://www.awi-usa.com/,700 Penhorn Ave # 1,google map,,,,
JMS Express Crossdock and Warehouse,(855) 267-4242,,,3 Marlen Dr Building 3C,google map,,,,
Quality Warehouse & Distribution,(732) 476-3170,,https://www.qualitywarehouse.com/,165 Raritan Center Pkwy,google map,,,,
Capitol Logistics & kidz concepts Warehousing,(973) 928-1850,,http://clwgroupinc.com/,1 Passaic Ave,google map,,,,
J&S Warehouse,(732) 390-6090,,http://jandswarehouse.com/,40D Cotters Ln,google map,,,,
OL Warehouse LLC,(732) 486-8778,,http://www.olwarehouse.com/,326 Smith St,google map,,,,
Ready Warehousing & Logistics,(201) 364-5650,,http://www.ready2018.com/,125 Seaview Dr,google map,,,,
Rockaway Warehouse,(973) 543-9124,,http://www.rockawaywarehouse.com/,301 Roundhill Dr,google map,,,,
Petco Animal Supplies Warehouse,(609) 819-4466,,,"A, 257 Prospect Plains Rd",google map,,,,
NRD ENT 24/7 CROSSDOCK & WAREHOUSE,(856) 515-3698,,https://nrdent.com/,200 Heller Pl,google map,,,,
National Distribution Center,(732) 329-8877,,,270 Heller Park Ct,google map,,,,
Trane Technologies,(609) 479-4883,,http://www.trane.com/,600 Richards Run,google map,,,,
IronLink Logistics - Port of New York 3PL,(833) 214-0220,,https://ironlinklogistics.com/,1400 W Front St Suite 100,google map,,,,
Linden Warehouse & Distribution Co,(732) 287-5500,,,11 Distribution Blvd Suite B,google map,,,,
Sanmar Corporation,(609) 259-7430,,http://www.sanmar.com/,141 W Manor Way,google map,,,,
Lyons Warehouse,(609) 401-9311,,,701 N 36th St,google map,,,,
Five Star Warehouse,(732) 329-0790,,,152 Ridge Rd,google map,,,,
Wayfair,(844) 230-5689,,http://www.wayfair.com/,15 Campus Dr,google map,,,,
Port Jersey Logistics,(800) 355-1009,,http://www.portjersey.com/,200 Liberty Way,google map,,,,
Elite Warehouse & Distribution Inc,(732) 515-9774,,https://elitewarehouseusa.com/,55 Talmadge Rd,google map,,,,
DMI Appliance Group,(347) 943-4372,,https://www.dmiorg.co/,1369 Lamberton Rd,google map,,,,
Severino Pasta Warehouse,(856) 428-0410,,https://severinopasta.com/,600 Highland Dr Suite#614,google map,,,,
Humble Warehouse LLC,(732) 364-3038,,https://www.humble3pl.com/,1890 Swarthmore Ave,google map,,,,
"Ta Chen International, Inc.",(609) 239-6000,,https://www.tachen.com/,321 Dultys Ln,google map,,,,
American International Warehouse Inc,(732) 396-7171,,,44 Distribution Blvd,google map,,,,
Costco Dry Depot #175,(732) 992-2070,,,10 Costco Dr,google map,,,,
Amazon TEB9,(908) 285-8319,,,601 Randolph Rd,google map,,,,
Global Track Warehouse USA,(847) 488-0988,,https://www.globaltrackwarehouse.com/,4415 Marlton Pike,google map,,,,
Major Warehouse,(609) 642-1785,,,432 Elizabeth Ave,google map,,,,
JW Fulfillment Inc,(909) 578-9228,,,300 Cedar Ln Suite B,google map,,,,
Gateway Warehouses Inc,(973) 589-4595,,http://www.telescoassoc.com/,3 Distribution Avenue,google map,,,,
East Hanover Warehouse,(201) 571-3500,,https://urbanedge.propertycapsule.com/web/property/68a63fb317c5f1a0e54f730b2898d9f2-faf4dba606c4ffce89107c1e710c30af?utm_source=google%20my%20business&utm_medium=listing&utm_campaign=visit%20website,NJ-10,google map,,,,