Name,Phone,Email,Website,Address,Source,,
RLS Logistics,,info@rlslogistics.com,https://rlslogistics.com/contact/,,Google keyword Search,,
Orlando Foods,,brian@orlandofoods.com,https://orlandofoods.com/contact-us/,,Google keyword Search,,
Van Brunt Logistics,,sales@vanbruntwarehouse.com,https://www.vanbruntwarehouse.com/contact-us/,,Google keyword Search,,
Food Sciences,(800) 346-4422,info@foodsciences.com,https://foodsciences.com/contact-us/,,Google keyword Search,,
Phoenix Warehouse of NJ,,info@phoenix-warehouse.com,https://phoenix-warehouse.com/contact-us/,,Google keyword Search,,
East Coast Warehouse & Distribution Corp.,,sales@eastcoastwarehouse.com,https://eastcoastwarehouse.com/contact/,,Google keyword Search,,
Advanced Warehouse Inc.,,contact@awi-usa.com,https://www.awi-usa.com/contact-us,,Google keyword Search,,
Quality Warehouse,(732) 476-3170,info@qualitywarehouse.com,https://www.qualitywarehouse.com/contact-quality-warehouse/,,Google keyword Search,,
Packaging & Distribution Resources | PDR NJ,(732) 316-2757,info@pdrnj.com,https://www.pdrnj.com/contact-us/,,Google keyword Search,,
Barrett Distribution Centers,(732) 893-1928,sales@barrettdistribution.com,https://www.barrettdistribution.com/contact,,Google keyword Search,,
Soul Food Factory,(908) 258-0006,info@soulfoodfactorynj.com,https://www.soulfoodfactory.org/contact.php,,Google keyword Search,,
Creative Logistics Services,,info@creativelogisticservices.com,https://www.creativelogisticservices.com/locations-contact-us,,Google keyword Search,,
SalSon Logistics Company,,sales@salson.com,https://www.salson.com/contact,,Google keyword Search,,
Taylored Services,(732) 750-9000,sales@tpservices.com,https://tayloredservices.com/contact-us/,,Google keyword Search,,
Homefront NJ,,homefront@homefrontnj.org,https://www.homefrontnj.org/Contact-Us,,Google keyword Search,,
Eastern Warehouse,(973) 465-1600,Office@EasternWarehouse.com,https://www.easternwarehouse.com/contact-us/,,Google keyword Search,,
FEMA,,FEMAPubs@gpo.gov,https://www.fema.gov/about/contact,,Google keyword Search,,
Nationwide Imaging Equipment Solutions,(732) 262-3115,info@NationwideImaging.com,https://nationwideimaging.com/contact/,,Google keyword Search,,
State of New Jersey,,philip.wilgus@treas.nj.gov,https://www.nj.gov/treasury/assets/contact/dpmc/contact-dpmc.shtml,,Google keyword Search,,
Rutgers Institutional Planning and Operations,(848) 445-1234,david.schulz@rutgers.edu,https://ipo.rutgers.edu/contact,,Google keyword Search,,
ASI International,,sales@info-asi.net,https://www.info-asi.net/contact/,,Google keyword Search,,
Cryofab,(973) 838-7070,sales@cryofab.com,https://www.cryofab.com/contact/,,Google keyword Search,,
Eastern Tabletop,(718) 240-9595,sales@easterntabletop.com,https://easterntabletop.com/contact.aspx,,Google keyword Search,,
Shippinglot,(197) 339-0349,contact@shippinglot.com,https://www.shippinglot.com/contact,,Google keyword Search,,
SRW Products,(763) 389-2722,samanthabird@srwproducts.com,https://srwproducts.com/contact-us/,,Google keyword Search,,
Bell Nursery,(410) 782-4500,hr@bellnursery.com,https://bellnursery.com/contact-us/,,Google keyword Search,,
Pabco Gypsum,,customerservice@pabcogypsum.com,https://pabcogypsum.com/contact/,,Google keyword Search,,
Starsnacks,(202) 009-8203,info@starsnacks.net,https://starsnacks.net/contact-us/,,Google keyword Search,,
A. Duie Pyle,(856) 366-2680,cs@aduiepyle.com,https://careers.aduiepyle.com/contact/,,Google keyword Search,,
NIPR,,niprbillingdept@nipr.com,https://nipr.com/licensing-center/state-requirements/new-jersey-name-and-contact-change-requests-individual-business,,Google keyword Search,,
Humano,,info@humano.net,https://www.humano.net/contact/,,Google keyword Search,,
Atomizing Systems Inc.,,info@coldfog.com,https://www.coldfog.com/about-atomizing-systems/contact-information/,,Google keyword Search,,
Myles Transportation & Warehousing,,mapp-leaflet-geolocate@mitel.chatoverlay,https://mylestrans.com/contact-us/,,Google keyword Search,,
Apollo Distributing Co.,(973) 228-5000,Orders@apollodist.com,https://www.apollodist.com/contact/,,Google keyword Search,,
Eclipse Advantage,,contact@eclipseadvantage.com,https://www.eclipseadvantage.com/contact-us,,Google keyword Search,,
White Toque,(208) 632-8852,r.duran@whitetoque.com,https://www.whitetoque.com/index.php/contact/,,Google keyword Search,,
O'Neill Logistics,(732) 340-1200,HR@oneilllogistics.com,https://www.oneilllogistics.com/contact-us/,,Google keyword Search,,
Creative Office Resources,,info@creativeofficeresources.com,https://www.creativeofficeresources.com/contact,,Google keyword Search,,
Refrigit,(208) 918-9079,Sales@refrigit.com,https://www.refrigit.com/contact-us,,Google keyword Search,,
CODA Logistics and Distribution,(732) 369-8960,NJFreightCashier@coda-usa.com,https://www.coda-usa.com/contact/,,Google keyword Search,,
Lifetime Brands,(866) 645-2721,shannon.devine@mzgroup.us,https://lifetimebrands.com/pages/contact,,Google keyword Search,,
Holman,(732) 893-1928,HR@Holman.com,https://www.glassdoor.com/Job/burlington-contact-jobs-SRCH_IL.0,,Google keyword Search,,
Roadtex,(800) 762-3839,info@roadtex.com,https://www.roadtex.com/company/contact-us/,,Google keyword Search,,
NRS3PL,(800) 366-2680,NRT.CSERV@nrsonline.com,https://nrs3pl.com/contact-us/,,Google keyword Search,,
ECSECO,,info@ecseco.com,https://ecseco.com/contact-us/,,Google keyword Search,,
Readington Volunteer Fire Company,(908) 534-9112,rvfc32@comast.net,https://m.facebook.com/rvfc32/photos/members-wanted-contact-us-on-facebook-phone-908534-9112-by-email-rvfc32comastnet/2136112426469350/,,Google keyword Search,,
Esti Warehouse,(201) 238-6600,iesha@estiwarehouse.com,https://estiwarehouse.com/contact-us/,,Google keyword Search,,
Union County Board of Elections,(908) 389-5200,ucboe@ucnj.org,https://ucnj.org/boe/contact-us/,,Google keyword Search,,
Workers' Compensation (NJ.gov),(609) 292-0165,oscf@dol.nj.gov,https://www.nj.gov/labor/workerscompensation/get-support/contact-us/,,Google keyword Search,,
Canada Border Services Agency,,cbsa.indigenous_affairs_secretariat-secretariat_aux_affaires_autochtones.asfc@cbsa-asfc.gc.ca,https://www.cbsa-asfc.gc.ca/contact/csform-formulairesc-eng.html,,Google keyword Search,,
Agilex Fragrances,,info@agilexfragrances.com,https://www.agilexfragrances.com/contact-us/,,Google keyword Search,,
BD,(201) 847-6800,troy.kirkpatrick@bd.com,https://www.bd.com/en-us/support/contact-us,,Google keyword Search,,
Flexport,,hello@flexport.com,https://www.flexport.com/company/contact/,,Google keyword Search,,
MHS Lift,(732) 476-3200,website@mhslift.com,https://mhslift.com/contact-us/,,Google keyword Search,,
Michael Halebian & Co,,custserv@michaelhalebian.com,https://michaelhalebian.com/contact/,,Google keyword Search,,
Vanguard Logistics,(165) 148-1001,mspcsvlcl@vanguardlogistics.com,https://www.vanguardlogistics.com/contact/locations,,Google keyword Search,,
Coway-USA,(201) 482-4011,donate@opencart.com,https://coway-usa.com/en/index.php?route=information/contact,,Google keyword Search,,
Maxlite,(800) 555-5629,info@maxlite.com,https://www.maxlite.com/contact-us,,Google keyword Search,,
Vogel & Plötscher,,info@voploe.de,https://www.vogelundploetscher.de/en/contact,,Google keyword Search,,
Somerset Food Bank,,volunteer@somersetfoodbank.org,https://www.somersetfoodbank.org/contact-us/,,Google keyword Search,,
Restaurant Depot,,cec407ab02b3c88beeac547b24b27960@o502263.ingest.us,https://www.restaurantdepot.com/customer-service/contact-us,,Google keyword Search,,
Ultraflex Systems,,rbuy@ultraflexx.com,https://www.ultraflexx.com/contact-us/,,Google keyword Search,,
Cart.com,,hello@cart.com,https://cart.com/contact,,Google keyword Search,,
Mimaki USA,(800) 555-5629,usa.info@mimaki.com,https://www.mimakiusa.com/contact/,,Google keyword Search,,
Brighton-Best International,(732) 525-2333,bbi-team@tachen.com.tw,https://www.brightonbest.com/contact.html,,Google keyword Search,,
United Fabrics,(800) 347-8344,sales@unitedfabrics.com,https://www.unitedfabrics.com/contact-us/,,Google keyword Search,,
ASW Partner,(800) 869-7001,Patersonorders@aswpartner.com,https://www.asw-partner.com/contact-us,,Google keyword Search,,
AmerisourceBergen,(610) 727-7000,mwi@mwiah.com,https://www.amerisourcebergen.com/contact-us,,Google keyword Search,,
Freeway Warehouse,(732) 938-2400,mailbox@freewaywarehouse.com,https://www.freewaywarehouse.com/contact,,Google keyword Search,,
Jamali Garden,,orders@jamaligarden.com,https://www.jamaligarden.com/pages/contact?srsltid=AfmBOorRyBo6jM-0qCOsmF6LQXcAUwUYHnH5cwqr837S0dfR2e3X8tcxhTaJgCkPzxAssuredAutomation,,Google keyword Search,,
Kenco Group,,recruiting@kencogroup.com,https://kencogroup.com/contact-us/,,Google keyword Search,,
Pickle Licious,(201) 457-0500,orders@picklelicious.com,https://picklelicious.com/pages/contact-details?srsltid=AfmBOopqmK5NF-gmbI3pCTwO0mComejdqDHd4ZUk8wwcCRwnKq7HHY4nWarehouseInformation,,Google keyword Search,,
The Warehouse NJ,(917) 837-1315,ksleeman@thewarehousenj.org,https://www.thewarehousenj.org/contact-us,,Google keyword Search,,
BlastOne,(800) 999-1881,sales@blastone.com,https://www.blastone.com/contact-us/?srsltid=AfmBOopYNbSbhBEeInVAtsxU8_3F8Upo9h-A_IWp8HJtjQxCApMMHO2APhoenixWarehouse,,Google keyword Search,,
Warehousing and Fulfillment,,leads@insightquote.com,https://www.warehousingandfulfillment.com/contact-us/,,Google keyword Search,,
Halsted Corporation,,info@halstedbag.com,https://www.halstedbag.com/contact/,,Google keyword Search,,
Fred Beans Toyota of Flemington,,bhackendahl@fredbeans.com,https://www.fredbeanstoyota.com/contact.htm,,Google keyword Search,,
Lot-Less,(212) 406-0083,Sellus@lot-less.com,https://lot-less.com/contact-us/,,Google keyword Search,,
Utopia Deals,,somone@website.com,https://www.utopiadeals.com/pages/contact-us?srsltid=AfmBOopELTcc1YQkkRYqZuAZtYlEnzFr7bi9Y5SnPjHcMaETHs-8bsazEmail,,Google keyword Search,,
Barsan Global Logistics,(130) 546-8376,miami@barsan.com,https://www.barsan.com/contact-us,,Google keyword Search,,
Route 46 Nissan,,jamie@route46nissan.com,https://www.route46nissan.com/contact.htm,,Google keyword Search,,
Pocas,(120) 402-0227,jjang@pocas.com,https://www.pocas.com/contact,,Google keyword Search,,
Route 17 Nissan,,ileads@route17nissan.com,https://www.route17nissan.com/contact.htm,,Google keyword Search,,
Deluxe Auto Sales,,deluxeautosales@gmail.com,https://www.deluxeautosales.com/contact.htm,,Google keyword Search,,
Amerlux,(973) 882-5000,info@amerlux.com,https://amerlux.com/Contact,,Google keyword Search,,
A&M Industrial,,websales@am-ind.com,https://www.am-ind.com/contact-us,,Google keyword Search,,
CDL Logistics USA,(732) 354-0043,sales@cdllogisticsusa.com,https://cdllogisticsusa.com/contact,,Google keyword Search,,
NJ Labs,,selenaw@njlabs.com,https://njlabs.com/contact/,,Google keyword Search,,
Grindmaster,,csmailbox@electroluxprofessional.com,https://www.grindmaster.com/contact/,,Google keyword Search,,
Lucas Chevrolet,,churff@lucaschevycars.com,https://www.lucaschevycars.com/contact.htm,,Google keyword Search,,
Capacity LLC,,info@capacityllc.com,https://www.capacityllc.com/contact/,,Google keyword Search,,
IAS (Institutional Asset Solutions),(732) 981-8001,ssauma@iasusa.com,https://www.iasusa.com/contact,,Google keyword Search,,
Harlequin Floors,(800) 642-6440,contact@harlequinfloors.com,https://us.harlequinfloors.com/en/contact/?srsltid=AfmBOoqJxrmTTCDEkzA4bCNaL1CFTgiV5vKpMrsW32_i5NNrn8Oy8nRZShowroomandLasVegasWarehouse:Visitsarebyappointmentonly.Contact,,Google keyword Search,,
Delicious Orchards NJ,,info@deliciousorchardsnj.com,https://www.deliciousorchardsnj.com/contact/?srsltid=AfmBOorAMskxlhgu8msE7K7Wc3dO5_mMoYinpW8e5FFq-zZvvkjZNpnnColtsNeck,,Google keyword Search,,
888lots,(973) 270-2262,lots@888lots.com,https://888lots.com/pages/contact?srsltid=AfmBOooLBSmGZfrkl06KCLexl58OkspYsiBgpRQgMQXpzydoOsBrZRUHWholesaleLiquidatoratLindenAvenue,,Google keyword Search,,
Vista Outdoor (Law Enforcement),,gpetronis@policeammo.com,https://le.vistaoutdoor.com/contact/contact_display.aspx?state=9,,Google keyword Search,,
Dana Poly,,webteamadmin@msedp.com,https://www.danapoly.com/Contact-Us,,Google keyword Search,,
CAST Lighting LLC,(973) 423-2303,,https://castperimeter.com/contact,,Google keyword Search,,
Acme Corrugated Box Co.,,service@acmebox.com,https://www.acmebox.com/contact-us/,,Google keyword Search,,
Adexusa,(201) 355-8772,customerservicene@adexusa.com,https://adexusa.com/contact/,,Google keyword Search,,
Empire Office,,crosado@empireoffice.com,https://www.empireoffice.com/contact/,,Google keyword Search,,
Fred Beans Nissan,,leads@fredbeansnissanflemington.com,https://www.fredbeansnissanflemington.com/contact.htm,,Google keyword Search,,
Ironlink Logistics,,info@ironlinklogistics.com,https://ironlinklogistics.com/contact/,,Google keyword Search,,
General Foundries,(732) 959-0017,sales@generalfoundries.com,http://www.generalfoundries.com/contact-us.php,,Google keyword Search,,
Mercedes-Benz of Flemington,,leads@MBFlemingtonCRM.com,https://www.mbflemington.com/contact.htm,,Google keyword Search,,
Ciocca Volkswagen of Flemington,,leads@cioccavolkswagenofflemingtoncrm.com,https://www.cioccavolkswagenofflemington.com/contact-us.htm,,Google keyword Search,,
Perry Products Corporation,,sales@perryproducts.com,https://www.perryproducts.com/contact-us/,,Google keyword Search,,
Books N Things Warehouse,,info@booksnthingswarehouse.com,https://www.booksnthingswarehouse.com/contact-us/,,Google keyword Search,,
Anchor Inc. (New Jersey Sales Reps),,Carymar_Alvarez@anchorinc.com,https://anchorinc.com/contact-us-anchor-industries/new-jersey/,,Google keyword Search,,
Williamson-Thermoflo,,wt.warranty@williamson-thermoflo.com,https://www.williamson-thermoflo.com/contact/,,Google keyword Search,,
LMJ Logistics,(844) 844-5654,orders@lmjlogistics.com,https://www.lmjlogistics.com/contact,,Google keyword Search,,
Rutan Poly Industries,,sales@rutanpoly.com,https://rutanpoly.com/contact-us/,,Google keyword Search,,
Accurate Box Company,,sales@accuratebox.com,https://accuratebox.com/about-us/contact-us/,,Google keyword Search,,
Cibo Vita,(888) 470-0006,info@naturesgarden.net,https://cibovita.com/contact-us/,,Google keyword Search,,
WARD Manufacturing,(800) 248-1027,orders@wardmfg.com,https://www.wardmfg.com/contact-us,,Google keyword Search,,
Coffee Distributing Corp.,,sales@cdccoffee.com,https://www.cdccoffee.com/contact/,,Google keyword Search,,
Green Worldwide Shipping,,info@greenworldwide.com,https://www.greenworldwide.com/contact-green/,,Google keyword Search,,
Metro-Pack,,inquiries@metro-pack.com,https://www.metro-pack.com/contact-warehouse-service-ny/,,Google keyword Search,,
Acme Rolling Doors,,info@acmedoor.com,https://www.acmedoor.com/contact-us,,Google keyword Search,,
Snap One,,danielfalko@example.com,https://www.snapone.com/contact-us,,Google keyword Search,,
Resources Warehouse,,Trucking@resources-warehouse.com,https://resources-warehouse.com/contact-us/,,Google keyword Search,,
Epicure Foods Corp,,info@efccorp.com,https://epicurefoodscorp.com/contact-us/,,Google keyword Search,,
Ecolab,,mediarelations@ecolab.com,https://www.ecolab.com/pages/contact-us,,Google keyword Search,,
Excel Hydraulics,,info@excelhydraulics.com,https://excelhydraulics.com/contact-us/,,Google keyword Search,,
Northcape,(708) 563-2890,dleibick@northcape.com,https://www.northcape.com/contact-us/,,Google keyword Search,,
March Associates,,marketing@marchassociates.com,https://www.marchassociates.com/contact,,Google keyword Search,,
Z Salads,(197) 342-8066,contact@zsalads.com,https://www.zsalads.com/pages/contact-us?srsltid=AfmBOorPEUIgfJxoEDw55frcF4RNjPUs5_zLO1_U8JERC5lTr5R22-2nAlternatively,,Google keyword Search,SouthPlainfield,NJ07080USA.
MartinBauer,,contactmbu@martin-bauer.com,https://www.botanicals.com/contact/,,Google keyword Search,,
Ziyad Brothers,,info@ziyad.com,https://www.ziyadbrothers.com/contact,,Google keyword Search,,
Johnson Brothers,,info@johnsonbrothers.com,https://www.johnsonbrothers.com/contact/,,Google keyword Search,,
Rotech,,customerservice@rotech.com,https://www.rotech.com/contact-us/,,Google keyword Search,,
Peterson Cheese,,mrsmith@dynamicweb.com,https://www.petersoncheese.com/company/contact-us,,Google keyword Search,,
Uniforms Warehouse,,ecom-swiper@11.css,https://www.uniformswarehouse.com/pages/contact-us,,Google keyword Search,,
Teledyne LeCroy,(732) 634-5501,orders@digikey.com,https://www.teledynelecroy.com/support/contact/wheretobuy.aspx?mseries=549Woodbridge,,Google keyword Search,,
Menards®,,email@address.com,https://www.menards.com/forms/contact-us/form.html?online=true,,Google keyword Search,,
Dekit,(833) 335-4848,lkarpel@dekit.com,https://dekit.com/pages/copy-of-contact?srsltid=AfmBOoqBdPnXZwQrPoKnKgATJeilyp_eciV5pGqFs4dwgOTg40tjylByLookingforthebestNon-SkidMarineFlooringManufacturer...Email*.Phone*.City*.State*.Please...NJ,,Google keyword Search,,
Canada's Wonderland - Jobs,,Name@domain.com,https://www.canadaswonderland.com/jobs/contact-human-resources,,Google keyword Search,,
Marmiro,,info@marmiro.com,https://marmiro.com/contact-us/,,Google keyword Search,,
PJ Warehouse,(908) 587-1088,sales@pjwarehouseinc.com,https://pjwarehouse.com/pages/contact-us,,Google keyword Search,,
Tyler Pipe,(973) 317-0005,info@tylerpipe.com,https://www.tylerpipe.com/about-us/contact-us/,,Google keyword Search,,
Resmed,,yourname@example.com,https://www.resmed.com/en-us/contact-us/,,Google keyword Search,,
Bohren's Logistics,,logistics@bohrensmoving.com,https://bohrenslogistics.com/contact-page/,,Google keyword Search,,
Kitty Hawk Kites,,warehouse@kittyhawk.com,https://www.kittyhawk.com/contact-us/,,Google keyword Search,,
Elite Warehouse & Distribution,,info@elitewarehouseusa.com,https://elitewarehouseusa.com/contact-us/,,Google keyword Search,,
Utopia Fulfillment,(185) 643-8562,operations@utopiafulfillment.com,https://www.utopiafulfillment.com/contact-us,,Google keyword Search,,
Imperial Foods,,web@imperialfoods.net,https://imperialfoods.net/contact,,Google keyword Search,,
Aerosmith® Anchors,,customer_service@aerosmithfastening.com,https://anchors.aerosmithfastening.com/contact/,,Google keyword Search,,
Shippinglot,(555) 123-4567,warehouse@example.com,https://test.shippinglot.com/contact,,Google keyword Search,,
Butterball,,ButterballMedia@edelman.com,https://www.butterball.com/contact-us,,Google keyword Search,,
Mangia,,info@mangiainc.com,https://www.carmelinabrands.com/contact-us/,,Google keyword Search,,
AHS,(888) 682-1043,mediacenter@ahs.com,https://www.ahs.com/contact/,,Google keyword Search,,
Glendale Warehouse,,glendale@glendalewh.com,https://glendalewarehouse.com/contact-us/,,Google keyword Search,,
National DCP,,media@natdcp.com,https://nationaldcp.com/contact-us/,,Google keyword Search,,
Cendrex,,Brian@hennixgroup.com,https://cendrex.com/en/contact-us/,,Google keyword Search,,
Schumacher Cargo,(562) 408-6677,filip@sclusa.com,https://www.schumachercargo.com/contact-us.php,,Google keyword Search,,
Manicaretti,,info@manicaretti.com,https://manicaretti.com/contact,,Google keyword Search,,
PSC Office Furniture,(856) 829-1460,sales@pscosigngroup.com,https://www.pscosigngroup.com/contact/,,Google keyword Search,,
Americold,,info@americold.com,https://www.americold.com/contact-us/,,Google keyword Search,,
Calavo,(520) 281-2644,hello@calavo.com,https://calavo.com/contact/,,Google keyword Search,,
Miron Violetglass USA,+1 323 407 7089,info@mironglassusa.com,,,Google keyword Search,,
UNIS,,ewr.mgr@unisco.com,https://www.unisco.com/contact-us,,Google keyword Search,,
Teledyne LeCroy,(732) 634-5501,orders@digikey.com; Webmaster@teledynelecroy.com,https://www.teledynelecroy.com/support/contact/wheretobuy.aspx?mseries=549,,Google keyword Search,,