Name,Category,Phone,Email,Website,Address,Source,
East Coast Warehouse & Distribution Corporation,Warehouse,(908) 351-2800,,eastcoastwarehouse.com,"202 Port Jersey Blvd # 2, Jersey City, NJ 07305",Google Local Services Finder,
BJ’s Wholesale Club Distribution Center,Warehouse,(609) 239-7000,,www.bjs.com,"309 Dultys Ln, Burlington, NJ 08016",Google Local Services Finder,90
Hanover Warehouse,Warehouse,(973) 589-7387,,hanoverwhse.com,"100 Central Ave, Kearny, NJ 07032",Google Local Services Finder,
Quality Warehouse & Distribution,Warehouse,(732) 476-3151,,https://www.qualitywarehouse.com/,"228 North Ave E #2962, Elizabeth, NJ 07201",Google Local Services Finder,
Ready Warehousing & Logistics,Warehouse,(201) 364-5650,,www.ready2018.com,"125 Seaview Dr, Secaucus, NJ 07094",Google Local Services Finder,
Eastern Warehouse,Warehouse,(973) 465-1600,,www.easternwarehouse.com,"266 Kellogg St, Newark, NJ 07114",Google Local Services Finder,
Newport Distribution Services Inc,Warehouse,(732) 287-1440,,newportdistribution.com,"2110 NJ-27 #1, Edison, NJ 08817",Google Local Services Finder,
Warehouse Outlet,Warehouse,(888) 397-1980,,https://www.warehousefashion.com/categories/outlet,"95 Montgomery St, Paterson, NJ 07501",Google Local Services Finder,
Phoenix Warehouse of New Jersey,Warehouse,(800) 521-0074,,www.phoenix-warehouse.com,"201 Port Jersey Blvd, Jersey City, NJ 07305",Google Local Services Finder,
"Affiliated Warehouse Companies, Inc.",Warehouse,(888) 865-1150,,www.awco.com,"54 Village Ct, Hazlet, NJ 07730",Google Local Services Finder,
Van Brunt Logistics & Warehousing,Warehouse,(908) 282-7080,,www.vanbruntwarehouse.com,"580 Division St, Elizabeth, NJ 07201",Google Local Services Finder,
NJ-CAL WAREHOUSE,Warehouse,(973) 694-6025,,,,Google Local Services Finder,
S & S Warehousing and Distribution center,Warehouse,(732) 248-9900,,www.sswad.com,"75 Midvale Rd, Edison, NJ 08817",Google Local Services Finder,
Advanced Warehouse Inc.,Logistics service,(551) 257-7077,,www.awi-usa.com,"700 Penhorn Ave # 1, Secaucus, NJ 07094",Google Local Services Finder,
Five Below Warehouse & Distribution Center,Warehouse,(856) 376-5300,,www.fivebelow.com,"5 Gateway Blvd, Pedricktown, NJ 08067",Google Local Services Finder,
Kearny Warehouse,Warehouse,(201) 299-1100,,kearnywarehouse.com,"12 Breiderhoft Rd, Kearny, NJ 07032",Google Local Services Finder,
USA Warehousing,Warehouse,(732) 752-7722,,www.usawarehousing.net,"1776 S 2nd St #1, Piscataway, NJ 08854",Google Local Services Finder,
Wakefern General Merchandise Warehouse (ShopRite Distribution Center),Warehouse,(908) 527-3300,,,"355 Davidson's Mill Rd, Monroe Township, NJ 08831",Google Local Services Finder,
JMS Express Crossdock and Warehouse,Warehouse,(855) 267-4242,,,"3 Marlen Dr Building 3C, Hamilton Township, NJ 08691",Google Local Services Finder,
Nexus Warehouse Crossdock,Warehouse,(877) 456-4113,,nexuswh.com,"99 Kero Rd, Carlstadt, NJ 07072",Google Local Services Finder,
Wayfair,Warehouse,(877) 929-3247,,www.wayfair.com,"44-46 Station Rd, Cranbury, NJ 08512",Google Local Services Finder,
"Linden Warehouse & Distribution Co., Inc.",Warehouse,(908) 862-1400,,www.lindenwarehouse.com,"1300 Lower Rd, Linden, NJ 07036",Google Local Services Finder,
Quality Warehouse & Distribution,Warehouse,(732) 476-3170,,www.qualitywarehouse.com,"165 Raritan Center Pkwy, Edison, NJ 08837",Google Local Services Finder,
Warehouse,Warehouse,(800) 989-7227,,,"14 Sbar Blvd, Moorestown, NJ 08057",Google Local Services Finder,
Crate & Barrel Warehouse,Warehouse,(609) 789-0999,,www.crateandbarrel.com,"353 Cranbury Half Acre Rd, Cranbury, NJ 08512",Google Local Services Finder,
Distribution of new jersey,Warehouse,(973) 465-1600,,https://www.apmterminals.com,"49 Stouts Ln, Monmouth Junction, NJ 08852",Google Local Services Finder,
Florence Warehouse,Warehouse,(201) 792-5866,,florencewarehouse.com,"150 13th St, Jersey City, NJ 07310",Google Local Services Finder,
Warehouse,Customs warehouse,(847) 631-3470,,https://omnilogistics.com/locations/omni-logistics-newark-logistics-company-in-newark-new-jersey/,"7 E 18th St, Paterson, NJ 07524",Google Local Services Finder,
Berks Warehouse,Warehouse,(732) 254-4777,,www.berkswarehouse.com,"4000 Bordentown Ave, Sayreville, NJ 08872",Google Local Services Finder,
Hall’s Warehouse,Warehouse,(732) 339-0020,,,"100 Saw Mill Pond Rd, Edison, NJ 08817",Google Local Services Finder,
East Cost Warehouse & Distribution Building 1130,Warehouse,(347) 339-4588,,,"1130 Polaris St, Elizabeth, NJ 07201",Google Local Services Finder,
24/7 Cross Dock Warehousing & Distribution,Warehouse,(973) 979-2904,,,"25 Continental Dr, Wayne, NJ 07470",Google Local Services Finder,
Elite Warehouse & Distribution Inc,Warehouse,(732) 515-9774,,elitewarehouseusa.com,"55 Talmadge Rd, Edison, NJ 08817",Google Local Services Finder,
Jersey Warehouse,Store,(973) 341-4918,,,"15 E 16th St, Paterson, NJ 07524",Google Local Services Finder,
NJ-CAL WAREHOUSE,Warehouse,(914) 937-0600,,www.njcalwe.com,"26 Engelhard Dr, Monroe Township, NJ 08831",Google Local Services Finder,
ShipHack 3PL Warehouse & FBA/FBM Fulfillment Center,Warehouse,(201) 257-1329,,www.shiphack.co,"280 Getty Ave, Clifton, NJ 07011",Google Local Services Finder,
Staples Warehouse,Warehouse,(201) 938-1298,,,"111 West Side Ave, Jersey City, NJ 07305",Google Local Services Finder,
Newark Mainfreight Warehousing,Warehouse,(908) 787-1000,,,"630 Sullivan Rd, Elizabeth, NJ 07201",Google Local Services Finder,
Delanco Distribution Center,Warehouse,(856) 461-8700,,,"1000 Coopertown Rd, Delanco, NJ 08075",Google Local Services Finder,
STC Warehouse,Warehouse,(314) 776-8211,,https://stcwarehouse.com/,"39-41 Strykers Rd, Phillipsburg, NJ 08865",Google Local Services Finder,
24/7 Warehouse crossdock,Warehouse,(917) 715-0062,,www.offcargo.com,"34 Columbia Rd, Branchburg, NJ 08876",Google Local Services Finder,
OL Warehouse LLC,Warehouse,(732) 486-8778,,www.olwarehouse.com,"326 Smith St, Keasbey, NJ 08832",Google Local Services Finder,
Glendale Warehouse,Warehouse,(732) 516-1555,,glendalewarehouse.com,"742 Old Post Rd, Edison, NJ 08817",Google Local Services Finder,
North East Warehouse,Warehouse,(631) 491-0747,,https://north-east-warehousing.co.uk/ ,"340-366 N Stiles St, Linden, NJ 07036",Google Local Services Finder,
Linden Warehouse & Distribution Co,Warehouse,(732) 287-5500,,,"11 Distribution Blvd Suite B, Edison, NJ 08817",Google Local Services Finder,
Major Warehouse,Warehouse,(609) 642-1785,,,"432 Elizabeth Ave, Somerset, NJ 08873",Google Local Services Finder,
Metropolitan Warehouse,Warehouse,(800) 300-7417,,www.metropolitanwarehouse.com,"960 High St, Perth Amboy, NJ 08861",Google Local Services Finder,
Easy Warehousing,Warehouse,(201) 536-9900,,,"45 Linden Ave E, Jersey City, NJ 07305",Google Local Services Finder,
Freeway Warehouse Corporation,Warehouse,(732) 938-2400,,www.freewaywarehouse.com,"30 Southard Ave, Farmingdale, NJ 07727",Google Local Services Finder,
World Distribution Services Linden,Warehouse,(973) 339-3200,,www.worldds.net,"500 Linden Logistics Way Building E, Linden, NJ 07036",Google Local Services Finder,
Rockaway Warehouse,Warehouse,(973) 543-9124,,www.rockawaywarehouse.com,"301 Roundhill Dr, Rockaway, NJ 07866",Google Local Services Finder,
STG Logistics,Warehouse,(201) 865-6200,,www.stgusa.com,"6801 West Side Ave, North Bergen, NJ 07047",Google Local Services Finder,
WAREHOUSE,Warehouse,(609) 409-1873,,,"120 Herrod Blvd, Dayton, NJ 08810",Google Local Services Finder,
Gateway Warehouses Inc,Warehouse,(281) 443-7447,,https://www.gatewaydistribution.net/,,Google Local Services Finder,
Accem Warehouse - Pulaski Lane West,Warehouse,(201) 858-3899,,www.accem.com,"150 Pulaski St, Bayonne, NJ 07002",Google Local Services Finder,
Frenchpark Warehouse,Warehouse,(201) 332-5406,,,"855 Garfield Ave, Jersey City, NJ 07305",Google Local Services Finder,
Tower Logistic Warehousing,Logistics service,(609) 871-5525,,logisticwarehousing.com,"801 Bridgeboro Rd, Beverly, NJ 08010",Google Local Services Finder,
J&S Warehouse,Warehouse,(732) 390-6090,,jandswarehouse.com,"40D Cotters Ln, East Brunswick, NJ 08816",Google Local Services Finder,
Kenco Kenco Management Services - Northeast Warehouse,Warehouse,(856) 241-2730,,www.kencogroup.com,"395 Pedricktown Rd, Logan Township, NJ 08085",Google Local Services Finder,
Flexible Warehousing,Warehouse,(973) 761-2813,,,"219 Valley St, South Orange Village, NJ 07079",Google Local Services Finder,
Warehouse4Biz,Warehouse,(914) 260-9062,,warehouse4biz.com,"171 Heller Pl, Bellmawr, NJ 08031",Google Local Services Finder,
Port Jersey Logistics,Logistics service,(800) 355-1009,,www.portjersey.com,"200 Liberty Way, East Windsor, NJ 08512",Google Local Services Finder,
3G Warehouse,Warehouse,(631) 617-5951,,3gwhse.com,"320 Mill Rd, Edison, NJ 08817",Google Local Services Finder,
Capitol Logistics & kidz concepts Warehousing,Warehouse,(973) 928-1850,,clwgroupinc.com,"1 Passaic Ave, Wood-Ridge, NJ 07075",Google Local Services Finder,
Hall’s Warehouse (Access Road),Warehouse,(848) 209-0680,,,"5 Access Rd, Piscataway, NJ 08854",Google Local Services Finder,
Hillside Warehouse & Trucking,Warehouse,(732) 225-1271,,www.hillsidewhsetrk.com,"20 Northfield Ave, Edison, NJ 08837",Google Local Services Finder,
Keymar Warehouse Co,Warehouse,(856) 461-9356,,,"257 St Mihiel Dr, Delran, NJ 08075",Google Local Services Finder,
Newark Refrigerated Warehouse: Executive Office,Warehouse,(973) 824-6694,,www.pnrw.com,"104 Avenue C, Newark, NJ 07114",Google Local Services Finder,
National Distribution Center,Warehouse,(732) 329-8877,,,"270 Heller Park Ct, Dayton, NJ 08810",Google Local Services Finder,
Berks Warehouse,Warehouse,(732) 254-9955,,www.berkswarehouse.com,"340 S Stiles St, Linden, NJ 07036",Google Local Services Finder,
Deals Warehouse Corporation,Warehouse,(973) 614-0800,,,"1 Passaic Ave, Wood-Ridge, NJ 07075",Google Local Services Finder,
Accupack Warehousing & Distribution,Warehouse,(201) 295-3100,,,"2500 83rd St, North Bergen, NJ 07047",Google Local Services Finder,
United Warehouse & Logistics Inc.,,(347) 725-5957,,,"501 New County Rd, Secaucus, NJ 07094",Google Local Services Finder,
Salson Warehouse,Warehouse,(973) 986-0200,,https://www.salson.com/,"481 Doremus Ave, Newark, NJ 07105",Google Local Services Finder,
Five Star Warehouse,Storage facility,(732) 329-0790,,,"152 Ridge Rd, Dayton, NJ 08810",Google Local Services Finder,
Statco Warehouse Inc.,Warehouse,(201) 792-7000,,www.statcowarehouse.com,"1 Market St, Passaic, NJ 07055",Google Local Services Finder,
The Fulfillment House,Warehouse,(609) 585-7422,,www.thefulfillmenthouse.com,"46 NJ-156, Hamilton Township, NJ 08620",Google Local Services Finder,
RPM Warehousing & Transportation,Warehouse,(201) 823-5200,,www.rpmwarehouse.com,"2900 Woodbridge Ave, Edison, NJ 08837",Google Local Services Finder,
Omega Warehouse,Warehouse,,,https://www.omega.com/,"98 Executive Ave, Edison, NJ 08817",Google Local Services Finder,
JL Warehouse Distribution Inc,Warehouse,(718) 801-5901,,,"401 Washington Ave, Carlstadt, NJ 07072",Google Local Services Finder,
DiFreight Warehouse and Logistics,Warehouse,(347) 321-5290,,difreight.com,"465 Green St, Woodbridge, NJ 07095",Google Local Services Finder,
JW Fulfillment Inc,Warehouse,(909) 578-9228,,,"300 Cedar Ln Suite B, Edison, NJ 08817",Google Local Services Finder,
PPUSA Warehouse,,(732) 584-6974,,,"480 Elizabeth Ave Suite B, Somerset, NJ 08873",Google Local Services Finder,
Americold Logistics Kentile,Cold storage facility,(908) 756-6242,,www.americold.com,"501 Kentile Rd, South Plainfield, NJ 07080",Google Local Services Finder,
Warehouse #1,Warehouse,(844) 445-5566,,https://www.warehouse-one.de/en/,"21 Spielman Rd, Fairfield, NJ 07004",Google Local Services Finder,
Gateway Warehouses Inc,Warehouse,(973) 589-4595,,www.telescoassoc.com,"3 Distribution Avenue, Kearny, NJ 07032",Google Local Services Finder,
"Continental Terminals, Inc.",Warehouse,(973) 578-2702,,continentalterminals.com,"112 Port Jersey Blvd, Jersey City, NJ 07305",Google Local Services Finder,
Statco Warehouse Inc.,Warehouse,(201) 792-7000,,https://www.statco-dsi.com/ ,,Google Local Services Finder,
World Distribution Services Linden,Warehouse,(440) 933-7450,,https://www.worlddistributionservices.com/,,Google Local Services Finder,
,,,,,,Google Local Services Finder,
,,,,,,Google Local Services Finder,
,,,,,,Google Local Services Finder,
,,,,,,Google Local Services Finder,
,,,,,,Google Local Services Finder,
,,,,,,Google Local Services Finder,
,,,,,,Google Local Services Finder,
,,,,,,Google Local Services Finder,
,,,,,,Google Local Services Finder,
,,,,,,Google Local Services Finder,
,,,,,,Google Local Services Finder,
,,,,,,Google Local Services Finder,