Name,ServiceType,Phone,Website,Address,Resource
Terminal Warehouse,Warehouse,(212) 417-9180,www.terminalwarehouse.nyc,"261 11th Ave, New York, NY 10001",Google Search
Warehouse Logistics By Best,Warehouse,(917) 982-2623,warehouse-logistics-nyc.com,"945 Madison Ave, New York, NY 10021",Google Search
AUTHENTIC WAREHOUSE,,(215) 962-1888,authenticwarehouse.com,"500 7th Ave floor 8, New York, NY 10018",Google Search
NYC HRA WAREHOUSE.,Warehouse,(718) 637-2718,www1.nyc.gov,"103-00 Foster Ave, Brooklyn, NY 11230",Google Search
Warehousing NYC By Best,,(917) 540-5465,warehousing-nyc.com,"106 Bowery, New York, NY 10013",Google Search
B&H Warehouse,Warehouse,(800) 221-5743,www.bhphotovideo.com,"63 Flushing Ave, Brooklyn, NY 11205",Google Search
Portal Warehousing | Co-Warehousing & Logistics Space in Manhattan,,(332) 208-9639,,"610 W 26th St 9th Floor, New York, NY 10001",Google Search
Warehouse Wines & Spirits,Liquor store,(212) 982-7770,www.warehousewinesandspirits.com,"735 Broadway, New York, NY 10003",Google Search
Otis Warehouse,Warehouse,(718) 361-9103,,"43-69 9th St, Long Island City, NY 11101",Google Search
ReadySpaces,Warehouse,(551) 278-9374,readyspaces.com,"5900 Decatur St, Ridgewood, NY 11385",Google Search
3PL Warehouse By Best,Warehouse,(917) 994-9793,3pl-warehouse-nyc.com,"112 W 38th St, New York, NY 10018",Google Search
The Warehouse 520,Real estate developer,(212) 685-6089,,"520 W 20th St, New York, NY 10011",Google Search
AS WAREHOUSE,Grocery store,(347) 457-5923,,"276 McGuinness Blvd, Brooklyn, NY 11222",Google Search
Portal Warehousing | Co-Warehousing & Logistics Space in Brooklyn,Warehouse,(917) 456-9561,join-portal.com,"14 53rd St 7th Floor, Brooklyn, NY 11232",Google Search
New York Wine Warehouse,Wine store,(212) 956-2250,www.nywines.com,"805 43rd Ave, Long Island City, NY 11101",Google Search
Turf Warehouse Storage - New York,Playground equipment supplier,(347) 695-3825,,"154 Chambers St, New York, NY 10007",Google Search
Ny Loft Warehouse,,(201) 271-1333,www.nyloft.net,"20 Enterprise Ave N # A, Secaucus, NJ 07094",Google Search
Warehouse 11,Condominium complex,(402) 871-8783,,"214 N 11th St, Brooklyn, NY 11211",Google Search
Alcone Company Warehouse & Headquarters,Cosmetics industry,(800) 466-7446,www.alconemakeup.com,"545 49th Ave, Long Island City, NY 11101",Google Search
MakeSpace NYC,Self-storage facility,(844) 482-4898,makespace.com,,Google Search
58th St Warehouse Corporation,Warehouse,(212) 245-7598,,"534 W 58th St, New York, NY 10019",Google Search
Salvation Army Warehouse,Warehouse,(718) 622-7166,,"109 2nd Ave, Brooklyn, NY 11215",Google Search
Boonton Warehouse,Warehouse,(201) 299-1100,www.boontonwarehouse.com,,Google Search
ReadySpaces,Warehouse,(347) 716-8280,readyspaces.com,"184-10 Jamaica Ave, Jamaica, NY 11423",Google Search
New York City Storage Inc,Self-storage facility,(718) 302-0500,www.nystorage.com,"1053 Metropolitan Ave, Brooklyn, NY 11211",Google Search
Manhattan Mini Storage,Self-storage facility,(212) 461-1651,www.storage-mart.com,"155-165 W 29th St, New York, NY 10001",Google Search
Lino Warehouse Inc,Warehouse,(718) 485-2937,,"1660 E New York Ave, Brooklyn, NY 11212",Google Search
DSW Designer Shoe Warehouse,Shoe store,(212) 967-9703,stores.dsw.com,"213 W 34th St., New York, NY 10001",Google Search
Bounce Luggage Storage - 197 8th Ave,Luggage storage facility,(347) 970-7778,bounce.com,"197 8th Ave, New York, NY 10011",Google Search
Manhattan Mini Storage,Self-storage facility,(646) 904-5807,www.storage-mart.com,"161 Varick St, New York, NY 10013",Google Search
Manhattan Mini Storage,Self-storage facility,(646) 832-4960,www.storage-mart.com,"260 Spring St, New York, NY 10013",Google Search
Lifestyle Moving & Storage NYC,Mover,(212) 809-6060,www.lifestyle-moving.com,"99 Hudson St 5th Floor #7148, New York, NY 10013",Google Search
Manhattan Mini Storage,Self-storage facility,(646) 585-7284,www.storage-mart.com,"220 South St, New York, NY 10002",Google Search
Manhattan Mini Storage,Self-storage facility,(646) 512-8968,www.storage-mart.com,"541 W 29th St, New York, NY 10001",Google Search
Public Storage,Self-storage facility,(347) 378-4910,www.publicstorage.com,"262 Mott St, New York, NY 10012",Google Search
DSW Designer Shoe Warehouse - Newly Remodeled,Shoe store,(212) 674-2146,stores.dsw.com,"40 E 14th St, New York, NY 10003",Google Search
Warren Lofts,Warehouse,(212) 571-3700,,"37 Warren St, New York, NY 10007",Google Search
Manhattan Mini Storage,Self-storage facility,(646) 904-5772,www.storage-mart.com,"28 2nd Ave, New York, NY 10003",Google Search
Opulent Clothing New York City,,(718) 504-6853,,"244 5th Ave, New York, NY 10001",Google Search
Schwartz Luggage Storage - MINIPOST,Storage facility,(347) 977-0030,schwartztravel.com,"270 W 36th St., New York, NY 10036",Google Search
Joe Warehouse,,(212) 279-1151,,"147W E 35th St, New York, NY 10001",Google Search
Manhattan Mini Storage,Self-storage facility,(646) 956-5743,www.storage-mart.com,"510-520 W 21st St, New York, NY 10011",Google Search
BOXIE24 New York | Self Storage,Storage facility,(332) 240-4830,www.boxie24.com,"530 7th Ave Suite 2208, New York, NY 10018",Google Search
ReadySpaces,Warehouse,(801) 810-2009,readyspaces.com,"1919 Vineburn Ave, Los Angeles, CA 90032",Google Search
Prologis,,(212) 750-1831,www.prologis.com,"461 5th Ave 21st floor, New York, NY 10017",Google Search
Radical Storage - Luggage Storage East Village,Luggage storage facility,(906) 569-1256,radicalstorage.com,"196 1st Ave, New York, NY 10009",Google Search
Wafels & Dinges Warehouse,Warehouse,(646) 257-2592,wafels.com,"264 Butler St, Brooklyn, NY 11217",Google Search
Manhattan Mini Storage,Self-storage facility,(929) 644-3418,www.storage-mart.com,"41 E 21st St, New York, NY 10010",Google Search
Standard Wholesale Hardware,Wholesaler,(212) 353-0450,standardlock.com,"42 Ludlow St, New York, NY 10002",Google Search
Manhattan Mini Storage,Self-storage facility,(646) 859-1252,www.storage-mart.com,"520 W 17th St, New York, NY 10011",Google Search
Manhattan Mini Storage,Self-storage facility,(646) 956-5333,www.storage-mart.com,"524 W 23rd St, New York, NY 10011",Google Search
"Establish, Inc.",Business management consultant,(212) 776-9900,www.establishinc.com,"1411 Broadway Floor 16, New York, NY 10018",Google Search
Collegiate Storage and Rental,Self-storage facility,(800) 883-8281,,"1150 Broadway, New York, NY 10001",Google Search
Supreme Business Solutions,,(212) 871-8657,,"248 W 35th St, New York, NY 10001",Google Search
Local Locker Storage,Self-storage facility,(646) 466-4996,locations.localocker.com,"253 W 28th St, New York, NY 10001",Google Search
Sofia Brothers Inc,Moving and storage service,(212) 873-3600,www.sofiastorage.com,"139 Franklin St, New York, NY 10013",Google Search
Storage Post Self Storage,Self-storage facility,(917) 994-0884,www.storagepost.com,"444 E 10th St, New York, NY 10009",Google Search
Local Locker Storage,Self-storage facility,(646) 466-3567,locations.localocker.com,"300 E 29th St, New York, NY 10016",Google Search
Stuf Storage - East Village New York,Self-storage facility,(212) 372-7491,www.stufstorage.com,"176 E 3rd St, New York, NY 10009",Google Search
Local Locker Storage,Self-storage facility,(917) 970-7519,locations.localocker.com,"125 W 25th St, New York, NY 10001",Google Search
Local Locker Storage,Self-storage facility,(929) 437-6965,locations.localocker.com,"344 W 38th St, New York, NY 10018",Google Search
LuggageHero,Luggage storage facility,(646) 760-7507,app.luggagehero.com,"4-6 W 37th St, New York, NY 10018",Google Search
Nemo Tile - Contractor Warehouse,Tile store,(212) 505-0009,www.nemotile.com,"NEMO - Manhattan Contractor Warehouse, 49 E 20th St, New York, NY 10003",Google Search
Local Locker Storage,Self-storage facility,(917) 456-9486,locations.localocker.com,"371 E 10th St, New York, NY 10009",Google Search
Manhattan Mini Storage,Self-storage facility,(332) 232-4556,www.storage-mart.com,"78 Walker St, New York, NY 10013",Google Search
Local Locker Storage,Self-storage facility,(646) 787-1152,locations.localocker.com,"7 Dey St, New York, NY 10007",Google Search
Murphy Moving Company NYC - Office Movers,Mover,(332) 239-2878,murphymovers.com,"116 W 23rd St suite 500 office 96, New York, NY 10011",Google Search
Amazeify,,(858) 683-6185,amazeify.store,,Google Search