Name,Phone,Email,Website,Address,Source
DDC Dependable Distribution Centers Los Angeles,(800) 544-3909,,http://www.godependable.com/,2555 E Olympic Blvd,Google Maps
Southern California Warehousing,(714) 522-8900,,https://socalwarehousing.com/,16000 Heron Ave,Google Maps
Santa Fe Warehouse,(323) 888-0050,,https://www.santafewarehouse.com/,3416 Garfield Ave,Google Maps
Super King Warehouse,(323) 604-1601,,https://superkingmarkets.com/pages/corporate-office,791 S Mission Rd,Google Maps
LA Warehouse Express,(213) 549-1747,,https://lawarehouseexpress.com/,2100 E 49th St,Google Maps
Smart & Final Distribution Center,(323) 869-6243,,http://www.smartandfinal.com/,5500 Sheila St,Google Maps
Melissas world produce potato warehouse,(323) 588-0151,,,2825 E 54th St,Google Maps
Pilot Water Tower Warehouse,(323) 980-7789,,http://pilotbrands.com/,2820 S Soto St,Google Maps
HARBOR,(310) 217-0787,,,13344 Main St,Google Maps
ReadySpaces,(801) 810-2009,,https://readyspaces.com/location/los-angeles/downtown-los-angeles/,1919 Vineburn Ave,Google Maps
Wine Warehouse,(800) 331-2829,,http://www.winewarehouse.com/,6550 E Washington Blvd,Google Maps
TRG Fulfillment Warehouse,(310) 327-7321,,http://fulfillmentwarehouse.com/,360 W 132nd St,Google Maps
Weber Logistics,(855) 469-3237,,https://www.weberlogistics.com/,13530 Rosecrans Ave,Google Maps
IGS WAREHOUSES,(323) 266-2330,,http://www.stiiizy.com/pages/dtla-dispensary,238 S Mission Rd,Google Maps
7up La,(323) 267-6411,,,3220 E 26th St,Google Maps
Terpene Warehouse,(323) 289-2677,,http://www.terpenewarehouse.com/,330 Wall St UNIT 8,Google Maps
Cefian Fashion Warehouse,(323) 491-8592,,https://www.cefianfashion.com/,2320 E Olympic Blvd,Google Maps
Dart Warehouse Recieving,(801) 209-0603,,,4130 Noakes St,Google Maps
J J'S warehouse,(323) 245-6466,,,8412 Main St,Google Maps
10-10 warehousing,(833) 742-8899,,http://10-10warehousing.com/,1010 S Montebello Blvd,Google Maps
NCS - California,(630) 679-8000,,,5603 Randolph St,Google Maps
MBH Warehouse,(402) 855-6070,,,4100 Ardmore Ave,Google Maps
DLA8 Amazon Hawthorne,(323) 757-2543,,,2815 W El Segundo Blvd,Google Maps
Montage Fulfillment - Santa Fe Springs,(323) 374-6802,,http://www.montagefulfillment.com/,12828 Carmenita Rd,Google Maps
Precise warehouse and delivery,(818) 849-8776,,,5833 S Malt Ave,Google Maps
Super King Warehouse,(701) 696-6885,,,3420 Garfield Ave,Google Maps
Ralphs Grocery Distribution Center,(310) 884-2775,,https://www.ralphs.com/,2201 S Wilmington Ave,Google Maps
Jc Sales - Warehouse,(323) 726-8800,,https://www.jcsalesweb.com/,7030 Slauson Ave,Google Maps
Gallop Warehouse & Distribution INC.,(323) 544-7774,,,1561 Chapin Rd,Google Maps
ReadySpaces,(657) 205-8020,,https://readyspaces.com/location/orange-county/anaheim/,15300 Valley View Ave,Google Maps
Red Tag Discount Warehouse,(310) 637-7311,,,12322 Long Beach Blvd,Google Maps
Crate & Barrel Warehouse,(562) 968-5286,,https://www.crateandbarrel.com/stores/la-warehouse/str591?utm_source=gmb&utm_medium=organic_search,12434 Lakeland Rd,Google Maps
Hudson Group Warehouse,(310) 638-1042,,,17044 Montanero Ave UNIT 1,Google Maps
PMG Global LLC | Warehousing & Fulfillment,(562) 584-6689,,https://www.pmg3pl.com/,6235 Randolph St,Google Maps
California FBA Prep Center | E-commerce Fulfillment Center | 3PL Warehouse,(310) 752-9995,,https://www.californiafbaprep.com/,19201 S Reyes Ave Suite D15,Google Maps
Miniso Depot CA Inc,(323) 262-0950,,,5620 Lindbergh Ln,Google Maps
PPS Fulfillment LLC,(323) 238-9933,,http://www.ppsfulfill.com/,2930 Vail Ave,Google Maps
ShipJoy 3PL Warehouse & Fulfillment,(323) 204-9011,,http://www.shipjoy.com/,6170 S Boyle Ave,Google Maps
Nakano Warehouse & Trans Corporation,(310) 639-6872,,,18924 S Laurel Park Rd # A,Google Maps
"Tawa Supermarket, Inc. Warehouse",(714) 521-8899,,https://www.99ranch.com/,6338 Regio Ave,Google Maps
Rigel international inc warehouse,(657) 255-4255,,,Valley View Ave,Google Maps
Capital logistics,(310) 609-5213,,http://www.clwgroupinc.com/,525 W Manville St,Google Maps
FlexEtc,(323) 992-4433,,https://www.flexetc.com/cowarehousing/ca/los-angeles/e-12th-st/?utm_source=GBP&utm_medium=organic,3040 E 12th St,Google Maps
STG Logistics,(310) 764-4395,,http://www.stgusa.com/,1650 S Central Ave,Google Maps
All Cartage Transportation Warehouse,(310) 978-8447,,,13025 Cerise Ave,Google Maps
C.H Robinson L.A Warehouse 2,(310) 763-6077,,,18291 S Santa Fe Ave,Google Maps
BG Warehouse,(424) 430-1300,,,8433 Eastern Ave,Google Maps
Langer Juice,(626) 961-2021,,https://langers.com/,16195 Stephens St,Google Maps
Expo Warehouse,(562) 263-0200,,,14141 Arbor Pl,Google Maps
Eds West LLC,(323) 887-7367,,,6666 E Washington Blvd,Google Maps
Return Inc,(323) 725-6370,,,2836 Vail Ave,Google Maps
Warehouse whole sell supplies,(626) 325-4276,,,9508 Rush St,Google Maps
"Kenko Freight Systems, Inc.",(562) 663-8888,,http://www.kenkogroup.com/,13438 Foster Rd,Google Maps
Lionext Inc | CFS Warehouse | Bonded Trucks | Warehouse,(562) 222-3885,,https://www.lionext.com/,13021 Leffingwell Rd,Google Maps
4PX Express,(323) 597-0288,,,"4112, 5650 Grace Pl",Google Maps
Cubework,(800) 338-6369,,https://www.cubework.com/,900 Turnbull Canyon Rd,Google Maps
"Airlyle Fulfillment, Inc.",(888) 611-0656,,,16175 Stephens St #3A,Google Maps
Rove Concepts Outlet Santa Fe,(866) 885-6729,,https://www.eventbrite.ca/e/rove-concepts-outlet-saturdays-los-angeles-tickets-1355988109939?aff=oddtdtcreator,8201 Sorensen Ave,Google Maps
APW Knox-Seeman Warehouse,(310) 851-5874,,,14020 Van Ness Ave,Google Maps
SoCal Warehouse,(562) 685-9428,,https://socalwarehouse.com/,6621 Pacific Coast Hwy #150,Google Maps
ReadySpaces,(562) 399-5224,,https://readyspaces.com/location/los-angeles/south-gate/,5625 Firestone Blvd,Google Maps
Bonded Warehousee,(310) 930-9777,,http://www.lawarehouseexpress.com/,2100 E 49th St,Google Maps